hour,t_out_c,ghi_w_m2,t_zone_c,u_hvac,kwh,cost_sar,e_cum_kwh,cop,violations
0.0,32.0,0.0,24.0,0,0.0,0.0,800.0,3.19,0
0.25,32.0,0.0,24.035,0,0.0,0.0,800.0,3.19,0
0.5,32.0,0.0,24.071,0,0.0,0.0,800.0,3.19,0
0.75,32.0,0.0,24.106,0,0.0,0.0,800.0,3.19,0
1.0,30.9,0.0,24.141,0,0.0,0.0,800.0,3.264,0
1.25,30.9,0.0,24.171,0,0.0,0.0,800.0,3.264,0
1.5,30.9,0.0,24.201,0,0.0,0.0,800.0,3.264,0
1.75,30.9,0.0,24.23,0,0.0,0.0,800.0,3.264,0
2.0,30.6,0.0,24.26,0,0.0,0.0,800.0,3.284,0
2.25,30.6,0.0,24.288,0,0.0,0.0,800.0,3.284,0
2.5,30.6,0.0,24.316,0,0.0,0.0,800.0,3.284,0
2.75,30.6,0.0,24.344,0,0.0,0.0,800.0,3.284,0
3.0,30.6,0.0,24.372,0,0.0,0.0,800.0,3.284,0
3.25,30.6,0.0,24.399,0,0.0,0.0,800.0,3.284,0
3.5,30.6,0.0,24.427,0,0.0,0.0,800.0,3.284,0
3.75,30.6,0.0,24.454,0,0.0,0.0,800.0,3.284,0
4.0,30.2,0.0,24.481,0,0.0,0.0,800.0,3.311,0
4.25,30.2,0.0,24.507,0,0.0,0.0,800.0,3.311,0
4.5,30.2,0.0,24.532,0,0.0,0.0,800.0,3.311,0
4.75,30.2,0.0,24.557,0,0.0,0.0,800.0,3.311,0
5.0,29.7,0.0,24.582,0,0.0,0.0,800.0,3.345,0
5.25,29.7,0.0,24.605,0,0.0,0.0,800.0,3.345,0
5.5,29.7,0.0,24.627,0,0.0,0.0,800.0,3.345,0
5.75,29.7,0.0,24.65,0,0.0,0.0,800.0,3.345,0
6.0,29.9,85.0,24.672,0,0.0,0.0,800.0,3.332,0
6.25,29.9,85.0,24.701,0,0.0,0.0,800.0,3.332,0
6.5,29.9,85.0,24.73,0,0.0,0.0,800.0,3.332,0
6.75,29.9,85.0,24.758,0,0.0,0.0,800.0,3.332,0
7.0,32.0,231.0,24.787,0,0.0,0.0,800.0,3.19,0
7.25,32.0,231.0,24.834,0,0.0,0.0,800.0,3.19,0
7.5,32.0,231.0,24.882,0,0.0,0.0,800.0,3.19,0
7.75,32.0,231.0,24.929,0,0.0,0.0,800.0,3.19,0
8.0,35.9,419.0,24.976,0,0.0,0.0,800.0,2.927,0
8.25,35.9,419.0,25.052,0,0.0,0.0,800.0,2.927,0
8.5,35.9,419.0,25.128,0,0.0,0.0,800.0,2.927,0
8.75,35.9,419.0,25.204,0,0.0,0.0,800.0,2.927,0
9.0,37.7,613.0,25.28,0,0.0,0.0,800.0,2.805,0
9.25,37.7,613.0,25.376,0,0.0,0.0,800.0,2.805,0
9.5,37.7,613.0,25.472,0,0.0,0.0,800.0,2.805,0
9.75,37.7,613.0,25.567,1,0.2037,0.1602,800.2,2.805,0
10.0,39.3,783.0,25.401,1,0.1949,0.0097,800.4,2.697,0
10.25,39.3,783.0,25.258,1,0.1949,0.0097,800.6,2.697,0
10.5,39.3,783.0,25.116,1,0.1949,0.0097,800.8,2.697,0
10.75,39.3,783.0,24.974,1,0.1949,0.0097,801.0,2.697,0
11.0,41.8,894.0,24.833,1,0.2018,0.0101,801.2,2.528,0
11.25,41.8,894.0,24.718,1,0.2018,0.0101,801.4,2.528,0
11.5,41.8,894.0,24.603,1,0.2018,0.0101,801.6,2.528,0
11.75,41.8,894.0,24.489,1,0.2018,0.0101,801.8,2.528,0
12.0,42.3,904.0,24.376,1,0.2033,0.0102,802.0,2.495,0
12.25,42.3,904.0,24.267,1,0.2033,0.0102,802.2,2.495,0
12.5,42.3,904.0,24.158,1,0.2033,0.0102,802.4,2.495,0
12.75,42.3,904.0,24.05,1,0.2033,0.0102,802.6,2.495,0
13.0,43.3,854.0,23.943,1,0.2064,0.0103,802.8,2.427,0
13.25,43.3,854.0,23.84,1,0.2064,0.0103,803.0,2.427,0
13.5,43.3,854.0,23.737,1,0.2064,0.0103,803.2,2.427,0
13.75,43.3,854.0,23.635,1,0.2064,0.0103,803.4,2.427,0
14.0,43.6,730.0,23.533,1,0.2074,0.0104,803.6,2.407,0
14.25,43.6,730.0,23.425,1,0.2074,0.0104,803.8,2.407,0
14.5,43.6,730.0,23.318,1,0.2074,0.0104,804.1,2.407,0
14.75,43.6,730.0,23.212,1,0.2074,0.0104,804.3,2.407,0
15.0,43.6,445.0,23.106,1,0.2074,0.0104,804.5,2.407,0
15.25,43.6,445.0,22.981,1,0.2074,0.0104,804.7,2.407,0
15.5,43.6,445.0,22.856,1,0.2074,0.0104,804.9,2.407,0
15.75,43.6,445.0,22.733,1,0.2074,0.0104,805.1,2.407,0
16.0,42.7,200.0,22.61,1,0.2045,0.0102,805.3,2.468,0
16.25,42.7,200.0,22.464,0,0.0,0.0,805.3,2.468,0
16.5,42.7,200.0,22.567,0,0.0,0.0,805.3,2.468,0
16.75,42.7,200.0,22.67,0,0.0,0.0,805.3,2.468,0
17.0,42.3,99.0,22.772,0,0.0,0.0,805.3,2.495,0
17.25,42.3,99.0,22.865,0,0.0,0.0,805.3,2.495,0
17.5,42.3,99.0,22.958,0,0.0,0.0,805.3,2.495,0
17.75,42.3,99.0,23.051,0,0.0,0.0,805.3,2.495,0
18.0,41.4,31.0,23.143,0,0.0,0.0,805.3,2.555,0
18.25,41.4,31.0,23.226,0,0.0,0.0,805.3,2.555,0
18.5,41.4,31.0,23.308,0,0.0,0.0,805.3,2.555,0
18.75,41.4,31.0,23.39,0,0.0,0.0,805.3,2.555,0
19.0,39.9,5.0,23.472,0,0.0,0.0,805.3,2.657,0
19.25,39.9,5.0,23.546,0,0.0,0.0,805.3,2.657,0
19.5,39.9,5.0,23.618,0,0.0,0.0,805.3,2.657,0
19.75,39.9,5.0,23.691,0,0.0,0.0,805.3,2.657,0
20.0,38.0,0.0,23.763,0,0.0,0.0,805.3,2.785,0
20.25,38.0,0.0,23.826,0,0.0,0.0,805.3,2.785,0
20.5,38.0,0.0,23.889,0,0.0,0.0,805.3,2.785,0
20.75,38.0,0.0,23.952,0,0.0,0.0,805.3,2.785,0
21.0,36.5,0.0,24.014,0,0.0,0.0,805.3,2.886,0
21.25,36.5,0.0,24.069,0,0.0,0.0,805.3,2.886,0
21.5,36.5,0.0,24.124,0,0.0,0.0,805.3,2.886,0
21.75,36.5,0.0,24.179,0,0.0,0.0,805.3,2.886,0
22.0,35.5,0.0,24.234,0,0.0,0.0,805.3,2.954,0
22.25,35.5,0.0,24.284,0,0.0,0.0,805.3,2.954,0
22.5,35.5,0.0,24.333,0,0.0,0.0,805.3,2.954,0
22.75,35.5,0.0,24.383,0,0.0,0.0,805.3,2.954,0
23.0,34.3,0.0,24.432,0,0.0,0.0,805.3,3.035,0
23.25,34.3,0.0,24.476,0,0.0,0.0,805.3,3.035,0
23.5,34.3,0.0,24.519,0,0.0,0.0,805.3,3.035,0
23.75,34.3,0.0,24.563,0,0.0,0.0,805.3,3.035,0
24.0,33.5,0.0,24.606,0,0.0,0.0,805.3,3.089,0
24.25,33.5,0.0,24.645,0,0.0,0.0,805.3,3.089,0
24.5,33.5,0.0,24.685,0,0.0,0.0,805.3,3.089,0
24.75,33.5,0.0,24.724,0,0.0,0.0,805.3,3.089,0
25.0,32.9,0.0,24.763,0,0.0,0.0,805.3,3.129,0
25.25,32.9,0.0,24.799,0,0.0,0.0,805.3,3.129,0
25.5,32.9,0.0,24.835,0,0.0,0.0,805.3,3.129,0
25.75,32.9,0.0,24.87,0,0.0,0.0,805.3,3.129,0
26.0,32.4,0.0,24.906,0,0.0,0.0,805.3,3.163,0
26.25,32.4,0.0,24.939,0,0.0,0.0,805.3,3.163,0
26.5,32.4,0.0,24.972,0,0.0,0.0,805.3,3.163,0
26.75,32.4,0.0,25.005,0,0.0,0.0,805.3,3.163,0
27.0,31.4,0.0,25.038,0,0.0,0.0,805.3,3.23,0
27.25,31.4,0.0,25.066,0,0.0,0.0,805.3,3.23,0
27.5,31.4,0.0,25.094,0,0.0,0.0,805.3,3.23,0
27.75,31.4,0.0,25.122,0,0.0,0.0,805.3,3.23,0
28.0,30.7,0.0,25.15,0,0.0,0.0,805.3,3.278,0
28.25,30.7,0.0,25.175,0,0.0,0.0,805.3,3.278,0
28.5,30.7,0.0,25.199,0,0.0,0.0,805.3,3.278,0
28.75,30.7,0.0,25.224,0,0.0,0.0,805.3,3.278,0
29.0,30.3,0.0,25.248,0,0.0,0.0,805.3,3.305,0
29.25,30.3,0.0,25.27,0,0.0,0.0,805.3,3.305,0
29.5,30.3,0.0,25.292,0,0.0,0.0,805.3,3.305,0
29.75,30.3,0.0,25.315,0,0.0,0.0,805.3,3.305,0
30.0,30.3,93.0,25.337,0,0.0,0.0,805.3,3.305,0
30.25,30.3,93.0,25.365,0,0.0,0.0,805.3,3.305,0
30.5,30.3,93.0,25.393,0,0.0,0.0,805.3,3.305,0
30.75,30.3,93.0,25.421,0,0.0,0.0,805.3,3.305,0
31.0,32.5,270.0,25.449,0,0.0,0.0,805.3,3.156,0
31.25,32.5,270.0,25.498,0,0.0,0.0,805.3,3.156,0
31.5,32.5,270.0,25.548,1,0.1919,0.1596,805.5,3.156,0
31.75,32.5,270.0,25.321,1,0.1799,0.009,805.7,3.156,0
32.0,36.8,482.0,25.096,1,0.1888,0.0094,805.9,2.866,0
32.25,36.8,482.0,24.916,1,0.1888,0.0094,806.0,2.866,0
32.5,36.8,482.0,24.737,1,0.1888,0.0094,806.2,2.866,0
32.75,36.8,482.0,24.559,1,0.1888,0.0094,806.4,2.866,0
33.0,39.1,681.0,24.382,1,0.1944,0.0097,806.6,2.711,0
33.25,39.1,681.0,24.236,1,0.1944,0.0097,806.8,2.711,0
33.5,39.1,681.0,24.09,1,0.1944,0.0097,807.0,2.711,0
33.75,39.1,681.0,23.944,1,0.1944,0.0097,807.2,2.711,0
34.0,40.8,839.0,23.799,1,0.1989,0.0099,807.4,2.596,0
34.25,40.8,839.0,23.678,1,0.1989,0.0099,807.6,2.596,0
34.5,40.8,839.0,23.557,1,0.1989,0.0099,807.8,2.596,0
34.75,40.8,839.0,23.437,1,0.1989,0.0099,808.0,2.596,0
35.0,42.0,939.0,23.317,1,0.2024,0.0101,808.2,2.515,0
35.25,42.0,939.0,23.213,1,0.2024,0.0101,808.4,2.515,0
35.5,42.0,939.0,23.11,1,0.2024,0.0101,808.6,2.515,0
35.75,42.0,939.0,23.007,1,0.2024,0.0101,808.8,2.515,0
36.0,43.1,972.0,22.904,1,0.2058,0.0103,809.0,2.441,0
36.25,43.1,972.0,22.812,1,0.2058,0.0103,809.2,2.441,0
36.5,43.1,972.0,22.72,1,0.2058,0.0103,809.4,2.441,0
36.75,43.1,972.0,22.629,1,0.2058,0.0103,809.6,2.441,0
37.0,43.7,935.0,22.538,1,0.2077,0.0104,809.8,2.4,0
37.25,43.7,935.0,22.45,0,0.0,0.0,809.8,2.4,0
37.5,43.7,935.0,22.607,0,0.0,0.0,809.8,2.4,0
37.75,43.7,935.0,22.763,0,0.0,0.0,809.8,2.4,0
38.0,44.3,832.0,22.918,0,0.0,0.0,809.8,2.36,0
38.25,44.3,832.0,23.069,0,0.0,0.0,809.8,2.36,0
38.5,44.3,832.0,23.219,0,0.0,0.0,809.8,2.36,0
38.75,44.3,832.0,23.368,0,0.0,0.0,809.8,2.36,0
39.0,44.4,673.0,23.517,0,0.0,0.0,809.8,2.353,0
39.25,44.4,673.0,23.655,0,0.0,0.0,809.8,2.353,0
39.5,44.4,673.0,23.792,0,0.0,0.0,809.8,2.353,0
39.75,44.4,673.0,23.929,0,0.0,0.0,809.8,2.353,0
40.0,44.0,474.0,24.065,0,0.0,0.0,809.8,2.38,0
40.25,44.0,474.0,24.185,0,0.0,0.0,809.8,2.38,0
40.5,44.0,474.0,24.304,0,0.0,0.0,809.8,2.38,0
40.75,44.0,474.0,24.424,0,0.0,0.0,809.8,2.38,0
41.0,43.1,263.0,24.542,0,0.0,0.0,809.8,2.441,0
41.25,43.1,263.0,24.642,0,0.0,0.0,809.8,2.441,0
41.5,43.1,263.0,24.742,0,0.0,0.0,809.8,2.441,0
41.75,43.1,263.0,24.841,0,0.0,0.0,809.8,2.441,0
42.0,42.0,89.0,24.939,0,0.0,0.0,809.8,2.515,0
42.25,42.0,89.0,25.021,0,0.0,0.0,809.8,2.515,0
42.5,42.0,89.0,25.102,0,0.0,0.0,809.8,2.515,0
42.75,42.0,89.0,25.183,0,0.0,0.0,809.8,2.515,0
43.0,41.2,10.0,25.264,0,0.0,0.0,809.8,2.569,0
43.25,41.2,10.0,25.335,0,0.0,0.0,809.8,2.569,0
43.5,41.2,10.0,25.406,0,0.0,0.0,809.8,2.569,0
43.75,41.2,10.0,25.477,0,0.0,0.0,809.8,2.569,0
44.0,38.9,0.0,25.547,1,0.2068,0.1603,810.0,2.724,0
44.25,38.9,0.0,25.348,1,0.1939,0.0097,810.2,2.724,0
44.5,38.9,0.0,25.15,1,0.1939,0.0097,810.4,2.724,0
44.75,38.9,0.0,24.953,1,0.1939,0.0097,810.6,2.724,0
45.0,37.4,0.0,24.756,1,0.1902,0.0095,810.8,2.825,0
45.25,37.4,0.0,24.55,1,0.1902,0.0095,811.0,2.825,0
45.5,37.4,0.0,24.345,1,0.1902,0.0095,811.2,2.825,0
45.75,37.4,0.0,24.14,1,0.1902,0.0095,811.4,2.825,0
46.0,36.3,0.0,23.937,1,0.1877,0.0094,811.6,2.9,0
46.25,36.3,0.0,23.727,1,0.1877,0.0094,811.8,2.9,0
46.5,36.3,0.0,23.517,1,0.1877,0.0094,811.9,2.9,0
46.75,36.3,0.0,23.309,1,0.1877,0.0094,812.1,2.9,0
47.0,35.1,0.0,23.101,1,0.1851,0.0093,812.3,2.981,0
47.25,35.1,0.0,22.886,1,0.1851,0.0093,812.5,2.981,0
47.5,35.1,0.0,22.672,1,0.1851,0.0093,812.7,2.981,0
47.75,35.1,0.0,22.458,0,0.0,0.0,812.7,2.981,0
48.0,33.7,0.0,22.514,0,0.0,0.0,812.7,3.075,0
48.25,33.7,0.0,22.564,0,0.0,0.0,812.7,3.075,0
48.5,33.7,0.0,22.613,0,0.0,0.0,812.7,3.075,0
48.75,33.7,0.0,22.663,0,0.0,0.0,812.7,3.075,0
49.0,32.8,0.0,22.711,0,0.0,0.0,812.7,3.136,0
49.25,32.8,0.0,22.756,0,0.0,0.0,812.7,3.136,0
49.5,32.8,0.0,22.801,0,0.0,0.0,812.7,3.136,0
49.75,32.8,0.0,22.845,0,0.0,0.0,812.7,3.136,0
50.0,31.8,0.0,22.889,0,0.0,0.0,812.7,3.203,0
50.25,31.8,0.0,22.929,0,0.0,0.0,812.7,3.203,0
50.5,31.8,0.0,22.968,0,0.0,0.0,812.7,3.203,0
50.75,31.8,0.0,23.007,0,0.0,0.0,812.7,3.203,0
51.0,31.0,0.0,23.046,0,0.0,0.0,812.7,3.257,0
51.25,31.0,0.0,23.081,0,0.0,0.0,812.7,3.257,0
51.5,31.0,0.0,23.117,0,0.0,0.0,812.7,3.257,0
51.75,31.0,0.0,23.151,0,0.0,0.0,812.7,3.257,0
52.0,30.4,0.0,23.186,0,0.0,0.0,812.7,3.298,0
52.25,30.4,0.0,23.218,0,0.0,0.0,812.7,3.298,0
52.5,30.4,0.0,23.25,0,0.0,0.0,812.7,3.298,0
52.75,30.4,0.0,23.282,0,0.0,0.0,812.7,3.298,0
53.0,30.7,0.0,23.313,0,0.0,0.0,812.7,3.278,0
53.25,30.7,0.0,23.346,0,0.0,0.0,812.7,3.278,0
53.5,30.7,0.0,23.379,0,0.0,0.0,812.7,3.278,0
53.75,30.7,0.0,23.411,0,0.0,0.0,812.7,3.278,0
54.0,33.0,92.0,23.443,0,0.0,0.0,812.7,3.122,0
54.25,33.0,92.0,23.492,0,0.0,0.0,812.7,3.122,0
54.5,33.0,92.0,23.54,0,0.0,0.0,812.7,3.122,0
54.75,33.0,92.0,23.588,0,0.0,0.0,812.7,3.122,0
55.0,35.0,268.0,23.636,0,0.0,0.0,812.7,2.987,0
55.25,35.0,268.0,23.705,0,0.0,0.0,812.7,2.987,0
55.5,35.0,268.0,23.773,0,0.0,0.0,812.7,2.987,0
55.75,35.0,268.0,23.841,0,0.0,0.0,812.7,2.987,0
56.0,37.0,476.0,23.908,0,0.0,0.0,812.7,2.852,0
56.25,37.0,476.0,23.998,0,0.0,0.0,812.7,2.852,0
56.5,37.0,476.0,24.088,0,0.0,0.0,812.7,2.852,0
56.75,37.0,476.0,24.177,0,0.0,0.0,812.7,2.852,0
57.0,38.0,674.0,24.266,0,0.0,0.0,812.7,2.785,0
57.25,38.0,674.0,24.372,0,0.0,0.0,812.7,2.785,0
57.5,38.0,674.0,24.477,0,0.0,0.0,812.7,2.785,0
57.75,38.0,674.0,24.583,0,0.0,0.0,812.7,2.785,0
58.0,41.0,836.0,24.687,0,0.0,0.0,812.7,2.582,0
58.25,41.0,836.0,24.816,0,0.0,0.0,812.7,2.582,0
58.5,41.0,836.0,24.944,0,0.0,0.0,812.7,2.582,0
58.75,41.0,836.0,25.071,0,0.0,0.0,812.7,2.582,0
59.0,44.0,937.0,25.198,0,0.0,0.0,812.7,2.38,0
59.25,44.0,937.0,25.344,0,0.0,0.0,812.7,2.38,0
59.5,44.0,937.0,25.49,0,0.0,0.0,812.7,2.38,0
59.75,44.0,937.0,25.635,1,0.2226,0.1611,812.9,2.38,0
60.0,42.1,972.0,25.535,1,0.2027,0.0101,813.1,2.508,0
60.25,42.1,972.0,25.424,1,0.2027,0.0101,813.3,2.508,0
60.5,42.1,972.0,25.313,1,0.2027,0.0101,813.5,2.508,0
60.75,42.1,972.0,25.203,1,0.2027,0.0101,813.7,2.508,0
61.0,43.7,937.0,25.094,1,0.2077,0.0104,813.9,2.4,0
61.25,43.7,937.0,24.994,1,0.2077,0.0104,814.1,2.4,0
61.5,43.7,937.0,24.895,1,0.2077,0.0104,814.3,2.4,0
61.75,43.7,937.0,24.796,1,0.2077,0.0104,814.6,2.4,0
62.0,44.2,830.0,24.697,1,0.2093,0.0105,814.8,2.366,0
62.25,44.2,830.0,24.595,1,0.2093,0.0105,815.0,2.366,0
62.5,44.2,830.0,24.494,1,0.2093,0.0105,815.2,2.366,0
62.75,44.2,830.0,24.393,1,0.2093,0.0105,815.4,2.366,0
63.0,44.4,671.0,24.293,1,0.21,0.0105,815.6,2.353,0
63.25,44.4,671.0,24.184,1,0.21,0.0105,815.8,2.353,0
63.5,44.4,671.0,24.075,1,0.21,0.0105,816.0,2.353,0
63.75,44.4,671.0,23.967,1,0.21,0.0105,816.2,2.353,0
64.0,43.7,474.0,23.859,1,0.2077,0.0104,816.4,2.4,0
64.25,43.7,474.0,23.734,1,0.2077,0.0104,816.6,2.4,0
64.5,43.7,474.0,23.609,1,0.2077,0.0104,816.9,2.4,0
64.75,43.7,474.0,23.484,1,0.2077,0.0104,817.1,2.4,0
65.0,43.0,261.0,23.36,1,0.2054,0.0103,817.3,2.447,0
65.25,43.0,261.0,23.218,1,0.2054,0.0103,817.5,2.447,0
65.5,43.0,261.0,23.076,1,0.2054,0.0103,817.7,2.447,0
65.75,43.0,261.0,22.935,1,0.2054,0.0103,817.9,2.447,0
66.0,41.9,88.0,22.794,1,0.2021,0.0101,818.1,2.522,0
66.25,41.9,88.0,22.634,1,0.2021,0.0101,818.3,2.522,0
66.5,41.9,88.0,22.476,0,0.0,0.0,818.3,2.522,0
66.75,41.9,88.0,22.568,0,0.0,0.0,818.3,2.522,0
67.0,40.8,10.0,22.659,0,0.0,0.0,818.3,2.596,0
67.25,40.8,10.0,22.74,0,0.0,0.0,818.3,2.596,0
67.5,40.8,10.0,22.821,0,0.0,0.0,818.3,2.596,0
67.75,40.8,10.0,22.901,0,0.0,0.0,818.3,2.596,0
68.0,39.0,0.0,22.981,0,0.0,0.0,818.3,2.717,0
68.25,39.0,0.0,23.052,0,0.0,0.0,818.3,2.717,0
68.5,39.0,0.0,23.123,0,0.0,0.0,818.3,2.717,0
68.75,39.0,0.0,23.193,0,0.0,0.0,818.3,2.717,0
69.0,37.3,0.0,23.263,0,0.0,0.0,818.3,2.832,0
69.25,37.3,0.0,23.326,0,0.0,0.0,818.3,2.832,0
69.5,37.3,0.0,23.388,0,0.0,0.0,818.3,2.832,0
69.75,37.3,0.0,23.449,0,0.0,0.0,818.3,2.832,0
70.0,36.1,0.0,23.511,0,0.0,0.0,818.3,2.913,0
70.25,36.1,0.0,23.567,0,0.0,0.0,818.3,2.913,0
70.5,36.1,0.0,23.622,0,0.0,0.0,818.3,2.913,0
70.75,36.1,0.0,23.677,0,0.0,0.0,818.3,2.913,0
71.0,34.4,0.0,23.732,0,0.0,0.0,818.3,3.028,0
71.25,34.4,0.0,23.78,0,0.0,0.0,818.3,3.028,0
71.5,34.4,0.0,23.827,0,0.0,0.0,818.3,3.028,0
71.75,34.4,0.0,23.874,0,0.0,0.0,818.3,3.028,0
72.0,33.5,0.0,23.92,0,0.0,0.0,818.3,3.089,0
72.25,33.5,0.0,23.963,0,0.0,0.0,818.3,3.089,0
72.5,33.5,0.0,24.005,0,0.0,0.0,818.3,3.089,0
72.75,33.5,0.0,24.047,0,0.0,0.0,818.3,3.089,0
73.0,32.2,0.0,24.089,0,0.0,0.0,818.3,3.176,0
73.25,32.2,0.0,24.125,0,0.0,0.0,818.3,3.176,0
73.5,32.2,0.0,24.161,0,0.0,0.0,818.3,3.176,0
73.75,32.2,0.0,24.196,0,0.0,0.0,818.3,3.176,0
74.0,31.3,0.0,24.232,0,0.0,0.0,818.3,3.237,0
74.25,31.3,0.0,24.263,0,0.0,0.0,818.3,3.237,0
74.5,31.3,0.0,24.294,0,0.0,0.0,818.3,3.237,0
74.75,31.3,0.0,24.326,0,0.0,0.0,818.3,3.237,0
75.0,30.6,0.0,24.356,0,0.0,0.0,818.3,3.284,0
75.25,30.6,0.0,24.384,0,0.0,0.0,818.3,3.284,0
75.5,30.6,0.0,24.412,0,0.0,0.0,818.3,3.284,0
75.75,30.6,0.0,24.439,0,0.0,0.0,818.3,3.284,0
76.0,29.8,0.0,24.466,0,0.0,0.0,818.3,3.338,0
76.25,29.8,0.0,24.49,0,0.0,0.0,818.3,3.338,0
76.5,29.8,0.0,24.514,0,0.0,0.0,818.3,3.338,0
76.75,29.8,0.0,24.537,0,0.0,0.0,818.3,3.338,0
77.0,29.2,0.0,24.56,0,0.0,0.0,818.3,3.379,0
77.25,29.2,0.0,24.581,0,0.0,0.0,818.3,3.379,0
77.5,29.2,0.0,24.601,0,0.0,0.0,818.3,3.379,0
77.75,29.2,0.0,24.622,0,0.0,0.0,818.3,3.379,0
78.0,29.4,92.0,24.642,0,0.0,0.0,818.3,3.365,0
78.25,29.4,92.0,24.669,0,0.0,0.0,818.3,3.365,0
78.5,29.4,92.0,24.697,0,0.0,0.0,818.3,3.365,0
78.75,29.4,92.0,24.724,0,0.0,0.0,818.3,3.365,0
79.0,32.3,268.0,24.75,0,0.0,0.0,818.3,3.17,0
79.25,32.3,268.0,24.802,0,0.0,0.0,818.3,3.17,0
79.5,32.3,268.0,24.853,0,0.0,0.0,818.3,3.17,0
79.75,32.3,268.0,24.904,0,0.0,0.0,818.3,3.17,0
80.0,36.3,480.0,24.955,0,0.0,0.0,818.3,2.9,0
80.25,36.3,480.0,25.037,0,0.0,0.0,818.3,2.9,0
80.5,36.3,480.0,25.12,0,0.0,0.0,818.3,2.9,0
80.75,36.3,480.0,25.201,0,0.0,0.0,818.3,2.9,0
81.0,38.1,678.0,25.283,0,0.0,0.0,818.3,2.778,0
81.25,38.1,678.0,25.385,0,0.0,0.0,818.3,2.778,0
81.5,38.1,678.0,25.487,0,0.0,0.0,818.3,2.778,0
81.75,38.1,678.0,25.589,1,0.2047,0.1602,818.5,2.778,0
82.0,39.8,836.0,25.429,1,0.1962,0.0098,818.7,2.663,0
82.25,39.8,836.0,25.293,1,0.1962,0.0098,818.9,2.663,0
82.5,39.8,836.0,25.158,1,0.1962,0.0098,819.1,2.663,0
82.75,39.8,836.0,25.023,1,0.1962,0.0098,819.3,2.663,0
83.0,41.8,931.0,24.889,1,0.2018,0.0101,819.5,2.528,0
83.25,41.8,931.0,24.776,1,0.2018,0.0101,819.7,2.528,0
83.5,41.8,931.0,24.664,1,0.2018,0.0101,819.9,2.528,0
83.75,41.8,931.0,24.552,1,0.2018,0.0101,820.1,2.528,0
84.0,42.9,965.0,24.441,1,0.2051,0.0103,820.3,2.454,0
84.25,42.9,965.0,24.34,1,0.2051,0.0103,820.5,2.454,0
84.5,42.9,965.0,24.24,1,0.2051,0.0103,820.7,2.454,0
84.75,42.9,965.0,24.14,1,0.2051,0.0103,820.9,2.454,0
85.0,43.7,935.0,24.04,1,0.2077,0.0104,821.1,2.4,0
85.25,43.7,935.0,23.945,1,0.2077,0.0104,821.3,2.4,0
85.5,43.7,935.0,23.85,1,0.2077,0.0104,821.5,2.4,0
85.75,43.7,935.0,23.755,1,0.2077,0.0104,821.7,2.4,0
86.0,44.1,834.0,23.661,1,0.209,0.0105,821.9,2.373,0
86.25,44.1,834.0,23.564,1,0.209,0.0105,822.2,2.373,0
86.5,44.1,834.0,23.467,1,0.209,0.0105,822.4,2.373,0
86.75,44.1,834.0,23.37,1,0.209,0.0105,822.6,2.373,0
87.0,44.2,676.0,23.274,1,0.2093,0.0105,822.8,2.366,0
87.25,44.2,676.0,23.168,1,0.2093,0.0105,823.0,2.366,0
87.5,44.2,676.0,23.062,1,0.2093,0.0105,823.2,2.366,0
87.75,44.2,676.0,22.958,1,0.2093,0.0105,823.4,2.366,0
88.0,44.1,477.0,22.853,1,0.209,0.0105,823.6,2.373,0
88.25,44.1,477.0,22.735,1,0.209,0.0105,823.8,2.373,0
88.5,44.1,477.0,22.618,1,0.209,0.0105,824.0,2.373,0
88.75,44.1,477.0,22.501,1,0.209,0.0105,824.2,2.373,0
89.0,43.5,264.0,22.384,0,0.0,0.0,824.2,2.414,0
89.25,43.5,264.0,22.496,0,0.0,0.0,824.2,2.414,0
89.5,43.5,264.0,22.607,0,0.0,0.0,824.2,2.414,0
89.75,43.5,264.0,22.717,0,0.0,0.0,824.2,2.414,0
90.0,42.8,90.0,22.827,0,0.0,0.0,824.2,2.461,0
90.25,42.8,90.0,22.921,0,0.0,0.0,824.2,2.461,0
90.5,42.8,90.0,23.016,0,0.0,0.0,824.2,2.461,0
90.75,42.8,90.0,23.109,0,0.0,0.0,824.2,2.461,0
91.0,41.2,10.0,23.203,0,0.0,0.0,824.2,2.569,0
91.25,41.2,10.0,23.283,0,0.0,0.0,824.2,2.569,0
91.5,41.2,10.0,23.363,0,0.0,0.0,824.2,2.569,0
91.75,41.2,10.0,23.443,0,0.0,0.0,824.2,2.569,0
92.0,39.4,0.0,23.522,0,0.0,0.0,824.2,2.69,0
92.25,39.4,0.0,23.593,0,0.0,0.0,824.2,2.69,0
92.5,39.4,0.0,23.663,0,0.0,0.0,824.2,2.69,0
92.75,39.4,0.0,23.733,0,0.0,0.0,824.2,2.69,0
93.0,38.0,0.0,23.802,0,0.0,0.0,824.2,2.785,0
93.25,38.0,0.0,23.865,0,0.0,0.0,824.2,2.785,0
93.5,38.0,0.0,23.928,0,0.0,0.0,824.2,2.785,0
93.75,38.0,0.0,23.99,0,0.0,0.0,824.2,2.785,0
94.0,36.8,0.0,24.052,0,0.0,0.0,824.2,2.866,0
94.25,36.8,0.0,24.109,0,0.0,0.0,824.2,2.866,0
94.5,36.8,0.0,24.165,0,0.0,0.0,824.2,2.866,0
94.75,36.8,0.0,24.221,0,0.0,0.0,824.2,2.866,0
95.0,35.0,0.0,24.277,0,0.0,0.0,824.2,2.987,0
95.25,35.0,0.0,24.324,0,0.0,0.0,824.2,2.987,0
95.5,35.0,0.0,24.371,0,0.0,0.0,824.2,2.987,0
95.75,35.0,0.0,24.419,0,0.0,0.0,824.2,2.987,0
96.0,33.6,0.0,24.465,0,0.0,0.0,824.2,3.082,0
96.25,33.6,0.0,24.506,0,0.0,0.0,824.2,3.082,0
96.5,33.6,0.0,24.546,0,0.0,0.0,824.2,3.082,0
96.75,33.6,0.0,24.586,0,0.0,0.0,824.2,3.082,0
97.0,32.7,0.0,24.626,0,0.0,0.0,824.2,3.143,0
97.25,32.7,0.0,24.662,0,0.0,0.0,824.2,3.143,0
97.5,32.7,0.0,24.698,0,0.0,0.0,824.2,3.143,0
97.75,32.7,0.0,24.733,0,0.0,0.0,824.2,3.143,0
98.0,32.4,0.0,24.769,0,0.0,0.0,824.2,3.163,0
98.25,32.4,0.0,24.802,0,0.0,0.0,824.2,3.163,0
98.5,32.4,0.0,24.836,0,0.0,0.0,824.2,3.163,0
98.75,32.4,0.0,24.87,0,0.0,0.0,824.2,3.163,0
99.0,32.8,0.0,24.903,0,0.0,0.0,824.2,3.136,0
99.25,32.8,0.0,24.938,0,0.0,0.0,824.2,3.136,0
99.5,32.8,0.0,24.973,0,0.0,0.0,824.2,3.136,0
99.75,32.8,0.0,25.008,0,0.0,0.0,824.2,3.136,0
100.0,32.2,0.0,25.042,0,0.0,0.0,824.2,3.176,0
100.25,32.2,0.0,25.074,0,0.0,0.0,824.2,3.176,0
100.5,32.2,0.0,25.105,0,0.0,0.0,824.2,3.176,0
100.75,32.2,0.0,25.137,0,0.0,0.0,824.2,3.176,0
101.0,32.0,0.0,25.168,0,0.0,0.0,824.2,3.19,0
101.25,32.0,0.0,25.198,0,0.0,0.0,824.2,3.19,0
101.5,32.0,0.0,25.229,0,0.0,0.0,824.2,3.19,0
101.75,32.0,0.0,25.259,0,0.0,0.0,824.2,3.19,0
102.0,31.2,91.0,25.289,0,0.0,0.0,824.2,3.244,0
102.25,31.2,91.0,25.321,0,0.0,0.0,824.2,3.244,0
102.5,31.2,91.0,25.353,0,0.0,0.0,824.2,3.244,0
102.75,31.2,91.0,25.385,0,0.0,0.0,824.2,3.244,0
103.0,31.8,266.0,25.417,0,0.0,0.0,824.2,3.203,0
103.25,31.8,266.0,25.463,0,0.0,0.0,824.2,3.203,0
103.5,31.8,266.0,25.509,1,0.1905,0.1595,824.4,3.203,0
103.75,31.8,266.0,25.278,1,0.1786,0.0089,824.6,3.203,0
104.0,35.5,476.0,25.047,1,0.1859,0.0093,824.8,2.954,0
104.25,35.5,476.0,24.858,1,0.1859,0.0093,825.0,2.954,0
104.5,35.5,476.0,24.67,1,0.1859,0.0093,825.2,2.954,0
104.75,35.5,476.0,24.483,1,0.1859,0.0093,825.4,2.954,0
105.0,38.0,672.0,24.296,1,0.1916,0.0096,825.5,2.785,0
105.25,38.0,672.0,24.141,1,0.1916,0.0096,825.7,2.785,0
105.5,38.0,672.0,23.987,1,0.1916,0.0096,825.9,2.785,0
105.75,38.0,672.0,23.834,1,0.1916,0.0096,826.1,2.785,0
106.0,39.3,828.0,23.681,1,0.1949,0.0097,826.3,2.697,0
106.25,39.3,828.0,23.549,1,0.1949,0.0097,826.5,2.697,0
106.5,39.3,828.0,23.417,1,0.1949,0.0097,826.7,2.697,0
106.75,39.3,828.0,23.286,1,0.1949,0.0097,826.9,2.697,0
107.0,41.7,928.0,23.156,1,0.2015,0.0101,827.1,2.535,0
107.25,41.7,928.0,23.05,1,0.2015,0.0101,827.3,2.535,0
107.5,41.7,928.0,22.944,1,0.2015,0.0101,827.5,2.535,0
107.75,41.7,928.0,22.839,1,0.2015,0.0101,827.7,2.535,0
108.0,42.5,963.0,22.734,1,0.2039,0.0102,827.9,2.481,0
108.25,42.5,963.0,22.638,1,0.2039,0.0102,828.1,2.481,0
108.5,42.5,963.0,22.542,1,0.2039,0.0102,828.3,2.481,0
108.75,42.5,963.0,22.447,0,0.0,0.0,828.3,2.481,0
109.0,43.5,889.0,22.6,0,0.0,0.0,828.3,2.414,0
109.25,43.5,889.0,22.753,0,0.0,0.0,828.3,2.414,0
109.5,43.5,889.0,22.904,0,0.0,0.0,828.3,2.414,0
109.75,43.5,889.0,23.055,0,0.0,0.0,828.3,2.414,0
110.0,43.7,708.0,23.206,0,0.0,0.0,828.3,2.4,0
110.25,43.7,708.0,23.344,0,0.0,0.0,828.3,2.4,0
110.5,43.7,708.0,23.482,0,0.0,0.0,828.3,2.4,0
110.75,43.7,708.0,23.619,0,0.0,0.0,828.3,2.4,0
111.0,43.7,506.0,23.756,0,0.0,0.0,828.3,2.4,0
111.25,43.7,506.0,23.878,0,0.0,0.0,828.3,2.4,0
111.5,43.7,506.0,24.0,0,0.0,0.0,828.3,2.4,0
111.75,43.7,506.0,24.121,0,0.0,0.0,828.3,2.4,0
112.0,43.3,356.0,24.242,0,0.0,0.0,828.3,2.427,0
112.25,43.3,356.0,24.35,0,0.0,0.0,828.3,2.427,0
112.5,43.3,356.0,24.458,0,0.0,0.0,828.3,2.427,0
112.75,43.3,356.0,24.566,0,0.0,0.0,828.3,2.427,0
113.0,41.9,222.0,24.673,0,0.0,0.0,828.3,2.522,0
113.25,41.9,222.0,24.764,0,0.0,0.0,828.3,2.522,0
113.5,41.9,222.0,24.855,0,0.0,0.0,828.3,2.522,0
113.75,41.9,222.0,24.945,0,0.0,0.0,828.3,2.522,0
114.0,42.0,81.0,25.035,0,0.0,0.0,828.3,2.515,0
114.25,42.0,81.0,25.116,0,0.0,0.0,828.3,2.515,0
114.5,42.0,81.0,25.196,0,0.0,0.0,828.3,2.515,0
114.75,42.0,81.0,25.276,0,0.0,0.0,828.3,2.515,0
115.0,41.5,9.0,25.356,0,0.0,0.0,828.3,2.549,0
115.25,41.5,9.0,25.428,0,0.0,0.0,828.3,2.549,0
115.5,41.5,9.0,25.5,0,0.0,0.0,828.3,2.549,0
115.75,41.5,9.0,25.571,1,0.2143,0.1607,828.5,2.549,0
116.0,39.7,0.0,25.391,1,0.1959,0.0098,828.7,2.67,0
116.25,39.7,0.0,25.199,1,0.1959,0.0098,828.9,2.67,0
116.5,39.7,0.0,25.007,1,0.1959,0.0098,829.1,2.67,0
116.75,39.7,0.0,24.816,1,0.1959,0.0098,829.3,2.67,0
117.0,38.4,0.0,24.626,1,0.1926,0.0096,829.5,2.758,0
117.25,38.4,0.0,24.428,1,0.1926,0.0096,829.7,2.758,0
117.5,38.4,0.0,24.23,1,0.1926,0.0096,829.9,2.758,0
117.75,38.4,0.0,24.033,1,0.1926,0.0096,830.1,2.758,0
118.0,37.9,0.0,23.837,1,0.1914,0.0096,830.3,2.792,0
118.25,37.9,0.0,23.639,1,0.1914,0.0096,830.5,2.792,0
118.5,37.9,0.0,23.441,1,0.1914,0.0096,830.7,2.792,0
118.75,37.9,0.0,23.244,1,0.1914,0.0096,830.9,2.792,0
119.0,36.8,0.0,23.049,1,0.1888,0.0094,831.0,2.866,0
119.25,36.8,0.0,22.846,1,0.1888,0.0094,831.2,2.866,0
119.5,36.8,0.0,22.644,1,0.1888,0.0094,831.4,2.866,0
119.75,36.8,0.0,22.443,0,0.0,0.0,831.4,2.866,0
120.0,35.4,0.0,22.506,0,0.0,0.0,831.4,2.96,0
120.25,35.4,0.0,22.563,0,0.0,0.0,831.4,2.96,0
120.5,35.4,0.0,22.62,0,0.0,0.0,831.4,2.96,0
120.75,35.4,0.0,22.677,0,0.0,0.0,831.4,2.96,0
121.0,34.3,0.0,22.733,0,0.0,0.0,831.4,3.035,0
121.25,34.3,0.0,22.785,0,0.0,0.0,831.4,3.035,0
121.5,34.3,0.0,22.836,0,0.0,0.0,831.4,3.035,0
121.75,34.3,0.0,22.887,0,0.0,0.0,831.4,3.035,0
122.0,33.0,0.0,22.937,0,0.0,0.0,831.4,3.122,0
122.25,33.0,0.0,22.982,0,0.0,0.0,831.4,3.122,0
122.5,33.0,0.0,23.026,0,0.0,0.0,831.4,3.122,0
122.75,33.0,0.0,23.07,0,0.0,0.0,831.4,3.122,0
123.0,32.6,0.0,23.114,0,0.0,0.0,831.4,3.149,0
123.25,32.6,0.0,23.156,0,0.0,0.0,831.4,3.149,0
123.5,32.6,0.0,23.198,0,0.0,0.0,831.4,3.149,0
123.75,32.6,0.0,23.24,0,0.0,0.0,831.4,3.149,0
124.0,31.9,0.0,23.281,0,0.0,0.0,831.4,3.197,0
124.25,31.9,0.0,23.32,0,0.0,0.0,831.4,3.197,0
124.5,31.9,0.0,23.358,0,0.0,0.0,831.4,3.197,0
124.75,31.9,0.0,23.396,0,0.0,0.0,831.4,3.197,0
125.0,32.0,0.0,23.433,0,0.0,0.0,831.4,3.19,0
125.25,32.0,0.0,23.471,0,0.0,0.0,831.4,3.19,0
125.5,32.0,0.0,23.509,0,0.0,0.0,831.4,3.19,0
125.75,32.0,0.0,23.547,0,0.0,0.0,831.4,3.19,0
126.0,32.0,90.0,23.584,0,0.0,0.0,831.4,3.19,0
126.25,32.0,90.0,23.628,0,0.0,0.0,831.4,3.19,0
126.5,32.0,90.0,23.671,0,0.0,0.0,831.4,3.19,0
126.75,32.0,90.0,23.714,0,0.0,0.0,831.4,3.19,0
127.0,34.7,263.0,23.756,0,0.0,0.0,831.4,3.008,0
127.25,34.7,263.0,23.823,0,0.0,0.0,831.4,3.008,0
127.5,34.7,263.0,23.888,0,0.0,0.0,831.4,3.008,0
127.75,34.7,263.0,23.954,0,0.0,0.0,831.4,3.008,0
128.0,37.6,473.0,24.019,0,0.0,0.0,831.4,2.812,0
128.25,37.6,473.0,24.111,0,0.0,0.0,831.4,2.812,0
128.5,37.6,473.0,24.203,0,0.0,0.0,831.4,2.812,0
128.75,37.6,473.0,24.294,0,0.0,0.0,831.4,2.812,0
129.0,39.2,670.0,24.385,0,0.0,0.0,831.4,2.704,0
129.25,39.2,670.0,24.495,0,0.0,0.0,831.4,2.704,0
129.5,39.2,670.0,24.606,0,0.0,0.0,831.4,2.704,0
129.75,39.2,670.0,24.715,0,0.0,0.0,831.4,2.704,0
130.0,40.5,828.0,24.825,0,0.0,0.0,831.4,2.616,0
130.25,40.5,828.0,24.95,0,0.0,0.0,831.4,2.616,0
130.5,40.5,828.0,25.074,0,0.0,0.0,831.4,2.616,0
130.75,40.5,828.0,25.198,0,0.0,0.0,831.4,2.616,0
131.0,42.1,930.0,25.322,0,0.0,0.0,831.4,2.508,0
131.25,42.1,930.0,25.458,0,0.0,0.0,831.4,2.508,0
131.5,42.1,930.0,25.595,1,0.2162,0.1608,831.6,2.508,0
131.75,42.1,930.0,25.481,1,0.2027,0.0101,831.8,2.508,0
132.0,43.4,899.0,25.367,1,0.2067,0.0103,832.0,2.42,0
132.25,43.4,899.0,25.262,1,0.2067,0.0103,832.3,2.42,0
132.5,43.4,899.0,25.156,1,0.2067,0.0103,832.5,2.42,0
132.75,43.4,899.0,25.051,1,0.2067,0.0103,832.7,2.42,0
133.0,43.8,791.0,24.947,1,0.208,0.0104,832.9,2.393,0
133.25,43.8,791.0,24.839,1,0.208,0.0104,833.1,2.393,0
133.5,43.8,791.0,24.731,1,0.208,0.0104,833.3,2.393,0
133.75,43.8,791.0,24.624,1,0.208,0.0104,833.5,2.393,0
134.0,44.3,732.0,24.517,1,0.2097,0.0105,833.7,2.36,0
134.25,44.3,732.0,24.41,1,0.2097,0.0105,833.9,2.36,0
134.5,44.3,732.0,24.303,1,0.2097,0.0105,834.1,2.36,0
134.75,44.3,732.0,24.198,1,0.2097,0.0105,834.3,2.36,0
135.0,44.5,637.0,24.092,1,0.2104,0.0105,834.5,2.346,0
135.25,44.5,637.0,23.982,1,0.2104,0.0105,834.8,2.346,0
135.5,44.5,637.0,23.873,1,0.2104,0.0105,835.0,2.346,0
135.75,44.5,637.0,23.764,1,0.2104,0.0105,835.2,2.346,0
136.0,43.9,456.0,23.656,1,0.2083,0.0104,835.4,2.387,0
136.25,43.9,456.0,23.531,1,0.2083,0.0104,835.6,2.387,0
136.5,43.9,456.0,23.407,1,0.2083,0.0104,835.8,2.387,0
136.75,43.9,456.0,23.284,1,0.2083,0.0104,836.0,2.387,0
137.0,43.3,244.0,23.161,1,0.2064,0.0103,836.2,2.427,0
137.25,43.3,244.0,23.021,1,0.2064,0.0103,836.4,2.427,0
137.5,43.3,244.0,22.881,1,0.2064,0.0103,836.6,2.427,0
137.75,43.3,244.0,22.741,1,0.2064,0.0103,836.8,2.427,0
138.0,42.6,75.0,22.602,1,0.2042,0.0102,837.0,2.474,0
138.25,42.6,75.0,22.448,0,0.0,0.0,837.0,2.474,0
138.5,42.6,75.0,22.542,0,0.0,0.0,837.0,2.474,0
138.75,42.6,75.0,22.636,0,0.0,0.0,837.0,2.474,0
139.0,40.7,9.0,22.73,0,0.0,0.0,837.0,2.603,0
139.25,40.7,9.0,22.81,0,0.0,0.0,837.0,2.603,0
139.5,40.7,9.0,22.89,0,0.0,0.0,837.0,2.603,0
139.75,40.7,9.0,22.969,0,0.0,0.0,837.0,2.603,0
140.0,38.9,0.0,23.049,0,0.0,0.0,837.0,2.724,0
140.25,38.9,0.0,23.119,0,0.0,0.0,837.0,2.724,0
140.5,38.9,0.0,23.189,0,0.0,0.0,837.0,2.724,0
140.75,38.9,0.0,23.258,0,0.0,0.0,837.0,2.724,0
141.0,37.5,0.0,23.328,0,0.0,0.0,837.0,2.819,0
141.25,37.5,0.0,23.391,0,0.0,0.0,837.0,2.819,0
141.5,37.5,0.0,23.453,0,0.0,0.0,837.0,2.819,0
141.75,37.5,0.0,23.515,0,0.0,0.0,837.0,2.819,0
142.0,36.4,0.0,23.577,0,0.0,0.0,837.0,2.893,0
142.25,36.4,0.0,23.634,0,0.0,0.0,837.0,2.893,0
142.5,36.4,0.0,23.691,0,0.0,0.0,837.0,2.893,0
142.75,36.4,0.0,23.747,0,0.0,0.0,837.0,2.893,0
143.0,35.8,0.0,23.803,0,0.0,0.0,837.0,2.933,0
143.25,35.8,0.0,23.856,0,0.0,0.0,837.0,2.933,0
143.5,35.8,0.0,23.909,0,0.0,0.0,837.0,2.933,0
143.75,35.8,0.0,23.962,0,0.0,0.0,837.0,2.933,0
144.0,36.8,0.0,24.015,0,0.0,0.0,837.0,2.866,0
144.25,36.8,0.0,24.071,0,0.0,0.0,837.0,2.866,0
144.5,36.8,0.0,24.128,0,0.0,0.0,837.0,2.866,0
144.75,36.8,0.0,24.184,0,0.0,0.0,837.0,2.866,0
145.0,33.9,0.0,24.24,0,0.0,0.0,837.0,3.062,0
145.25,33.9,0.0,24.283,0,0.0,0.0,837.0,3.062,0
145.5,33.9,0.0,24.325,0,0.0,0.0,837.0,3.062,0
145.75,33.9,0.0,24.368,0,0.0,0.0,837.0,3.062,0
146.0,32.1,0.0,24.41,0,0.0,0.0,837.0,3.183,0
146.25,32.1,0.0,24.444,0,0.0,0.0,837.0,3.183,0
146.5,32.1,0.0,24.478,0,0.0,0.0,837.0,3.183,0
146.75,32.1,0.0,24.512,0,0.0,0.0,837.0,3.183,0
147.0,31.8,0.0,24.545,0,0.0,0.0,837.0,3.203,0
147.25,31.8,0.0,24.577,0,0.0,0.0,837.0,3.203,0
147.5,31.8,0.0,24.61,0,0.0,0.0,837.0,3.203,0
147.75,31.8,0.0,24.641,0,0.0,0.0,837.0,3.203,0
148.0,31.5,0.0,24.673,0,0.0,0.0,837.0,3.224,0
148.25,31.5,0.0,24.703,0,0.0,0.0,837.0,3.224,0
148.5,31.5,0.0,24.734,0,0.0,0.0,837.0,3.224,0
148.75,31.5,0.0,24.764,0,0.0,0.0,837.0,3.224,0
149.0,30.4,0.0,24.793,0,0.0,0.0,837.0,3.298,0
149.25,30.4,0.0,24.818,0,0.0,0.0,837.0,3.298,0
149.5,30.4,0.0,24.843,0,0.0,0.0,837.0,3.298,0
149.75,30.4,0.0,24.868,0,0.0,0.0,837.0,3.298,0
150.0,30.4,89.0,24.892,0,0.0,0.0,837.0,3.298,0
150.25,30.4,89.0,24.923,0,0.0,0.0,837.0,3.298,0
150.5,30.4,89.0,24.953,0,0.0,0.0,837.0,3.298,0
150.75,30.4,89.0,24.983,0,0.0,0.0,837.0,3.298,0
151.0,33.2,256.0,25.013,0,0.0,0.0,837.0,3.109,0
151.25,33.2,256.0,25.066,0,0.0,0.0,837.0,3.109,0
151.5,33.2,256.0,25.12,0,0.0,0.0,837.0,3.109,0
151.75,33.2,256.0,25.173,0,0.0,0.0,837.0,3.109,0
152.0,37.7,467.0,25.225,0,0.0,0.0,837.0,2.805,0
152.25,37.7,467.0,25.312,0,0.0,0.0,837.0,2.805,0
152.5,37.7,467.0,25.398,0,0.0,0.0,837.0,2.805,0
152.75,37.7,467.0,25.484,0,0.0,0.0,837.0,2.805,0
153.0,41.0,672.0,25.57,1,0.2128,0.1606,837.3,2.582,0
153.25,41.0,672.0,25.431,1,0.1995,0.01,837.5,2.582,0
153.5,41.0,672.0,25.292,1,0.1995,0.01,837.7,2.582,0
153.75,41.0,672.0,25.155,1,0.1995,0.01,837.9,2.582,0
154.0,42.7,829.0,25.017,1,0.2045,0.0102,838.1,2.468,0
154.25,42.7,829.0,24.904,1,0.2045,0.0102,838.3,2.468,0
154.5,42.7,829.0,24.79,1,0.2045,0.0102,838.5,2.468,0
154.75,42.7,829.0,24.677,1,0.2045,0.0102,838.7,2.468,0
155.0,44.2,901.0,24.565,1,0.2093,0.0105,838.9,2.366,0
155.25,44.2,901.0,24.468,1,0.2093,0.0105,839.1,2.366,0
155.5,44.2,901.0,24.372,1,0.2093,0.0105,839.3,2.366,0
155.75,44.2,901.0,24.277,1,0.2093,0.0105,839.5,2.366,0
156.0,44.7,897.0,24.182,1,0.211,0.0106,839.7,2.333,0
156.25,44.7,897.0,24.09,1,0.211,0.0106,839.9,2.333,0
156.5,44.7,897.0,23.999,1,0.211,0.0106,840.1,2.333,0
156.75,44.7,897.0,23.909,1,0.211,0.0106,840.4,2.333,0
157.0,44.9,894.0,23.819,1,0.2117,0.0106,840.6,2.319,0
157.25,44.9,894.0,23.73,1,0.2117,0.0106,840.8,2.319,0
157.5,44.9,894.0,23.642,1,0.2117,0.0106,841.0,2.319,0
157.75,44.9,894.0,23.554,1,0.2117,0.0106,841.2,2.319,0
158.0,45.2,833.0,23.467,1,0.2128,0.0106,841.4,2.299,0
158.25,45.2,833.0,23.378,1,0.2128,0.0106,841.6,2.299,0
158.5,45.2,833.0,23.289,1,0.2128,0.0106,841.8,2.299,0
158.75,45.2,833.0,23.201,1,0.2128,0.0106,842.1,2.299,0
159.0,45.5,667.0,23.113,1,0.2139,0.0107,842.3,2.279,0
159.25,45.5,667.0,23.017,1,0.2139,0.0107,842.5,2.279,0
159.5,45.5,667.0,22.921,1,0.2139,0.0107,842.7,2.279,0
159.75,45.5,667.0,22.825,1,0.2139,0.0107,842.9,2.279,0
160.0,45.6,456.0,22.73,1,0.2142,0.0107,843.1,2.272,0
160.25,45.6,456.0,22.622,1,0.2142,0.0107,843.3,2.272,0
160.5,45.6,456.0,22.514,1,0.2142,0.0107,843.6,2.272,0
160.75,45.6,456.0,22.407,0,0.0,0.0,843.6,2.272,0
161.0,45.1,236.0,22.541,0,0.0,0.0,843.6,2.306,0
161.25,45.1,236.0,22.656,0,0.0,0.0,843.6,2.306,0
161.5,45.1,236.0,22.772,0,0.0,0.0,843.6,2.306,0
161.75,45.1,236.0,22.887,0,0.0,0.0,843.6,2.306,0
162.0,44.2,74.0,23.001,0,0.0,0.0,843.6,2.366,0
162.25,44.2,74.0,23.1,0,0.0,0.0,843.6,2.366,0
162.5,44.2,74.0,23.198,0,0.0,0.0,843.6,2.366,0
162.75,44.2,74.0,23.296,0,0.0,0.0,843.6,2.366,0
163.0,42.8,9.0,23.394,0,0.0,0.0,843.6,2.461,0
163.25,42.8,9.0,23.481,0,0.0,0.0,843.6,2.461,0
163.5,42.8,9.0,23.567,0,0.0,0.0,843.6,2.461,0
163.75,42.8,9.0,23.653,0,0.0,0.0,843.6,2.461,0
164.0,40.8,0.0,23.738,0,0.0,0.0,843.6,2.596,0
164.25,40.8,0.0,23.814,0,0.0,0.0,843.6,2.596,0
164.5,40.8,0.0,23.889,0,0.0,0.0,843.6,2.596,0
164.75,40.8,0.0,23.964,0,0.0,0.0,843.6,2.596,0
165.0,39.5,0.0,24.039,0,0.0,0.0,843.6,2.684,0
165.25,39.5,0.0,24.107,0,0.0,0.0,843.6,2.684,0
165.5,39.5,0.0,24.176,0,0.0,0.0,843.6,2.684,0
165.75,39.5,0.0,24.243,0,0.0,0.0,843.6,2.684,0
166.0,38.1,0.0,24.311,0,0.0,0.0,843.6,2.778,0
166.25,38.1,0.0,24.372,0,0.0,0.0,843.6,2.778,0
166.5,38.1,0.0,24.433,0,0.0,0.0,843.6,2.778,0
166.75,38.1,0.0,24.494,0,0.0,0.0,843.6,2.778,0
167.0,36.3,0.0,24.554,0,0.0,0.0,843.6,2.9,0
167.25,36.3,0.0,24.606,0,0.0,0.0,843.6,2.9,0
167.5,36.3,0.0,24.658,0,0.0,0.0,843.6,2.9,0
167.75,36.3,0.0,24.709,0,0.0,0.0,843.6,2.9,0
