day_of_year,t_min_c,t_mean_c,t_max_c,ghi_mean_w_m2,cdd_base_22
1,20.0,24.38,29.0,193.8,2.38
2,19.0,24.19,28.3,193.9,2.19
3,20.0,23.27,28.0,201.3,1.27
4,19.0,23.75,29.0,196.5,1.75
5,20.0,23.52,27.4,142.8,1.52
6,19.0,22.79,27.0,111.4,0.79
7,20.0,22.63,26.0,185.7,0.63
8,17.0,20.62,25.0,200.8,0
9,15.0,19.88,24.5,187.4,0
10,15.0,20.17,25.2,159.8,0
11,17.5,21.02,24.8,200.6,0
12,17.0,22.92,29.0,183.7,0.93
13,20.0,23.63,27.0,119.1,1.63
14,21.0,23.9,28.0,128.4,1.9
15,21.0,25.75,32.4,187.2,3.75
16,24.0,27.23,34.0,202.2,5.23
17,21.0,26.27,31.0,202.0,4.27
18,24.0,27.22,31.0,192.4,5.22
19,23.5,27.09,31.0,199.2,5.09
20,22.0,25.88,31.0,208.6,3.88
21,18.0,24.06,30.0,213.2,2.06
22,19.0,24.19,30.2,202.0,2.19
23,19.0,24.83,31.0,208.3,2.83
24,20.0,25.06,31.0,210.5,3.06
25,21.0,26.26,32.0,202.2,4.26
26,23.0,27.28,32.0,203.2,5.28
27,22.0,27.19,32.0,206.4,5.19
28,25.0,27.8,31.0,176.0,5.8
29,22.0,24.45,27.0,174.1,2.45
30,20.0,22.8,25.0,201.4,0.8
31,20.0,22.5,25.0,97.4,0.5
32,22.0,26.24,31.0,162.5,4.24
33,17.0,22.36,26.0,218.1,0.36
34,19.0,24.68,32.0,220.7,2.68
35,22.0,25.57,30.0,217.2,3.57
36,21.0,25.58,31.0,217.0,3.58
37,21.0,26.48,33.0,220.2,4.47
38,23.0,27.9,33.0,220.4,5.9
39,24.0,27.76,32.0,221.4,5.76
40,24.0,26.61,30.0,218.1,4.61
41,23.6,25.62,30.0,219.1,3.62
42,22.0,24.86,28.0,226.0,2.86
43,22.0,25.18,29.0,227.4,3.18
44,21.6,25.72,32.0,228.4,3.72
45,21.0,26.48,36.0,232.0,4.47
46,21.0,26.69,33.6,229.5,4.69
47,20.0,27.28,34.0,234.7,5.28
48,22.0,24.86,29.0,226.2,2.86
49,18.0,22.17,27.0,237.2,0.17
50,18.0,21.81,26.0,242.8,0
51,19.0,23.92,29.0,240.7,1.92
52,20.8,25.32,32.0,243.2,3.32
53,21.0,25.25,31.1,243.7,3.25
54,22.0,26.35,33.0,239.0,4.35
55,22.0,25.87,30.0,242.2,3.87
56,21.0,24.67,28.0,188.0,2.67
57,18.5,23.73,30.6,261.8,1.73
58,19.0,24.64,30.0,247.9,2.64
59,19.8,24.36,30.0,236.1,2.36
60,15.0,22.53,29.0,259.7,0.53
61,19.0,23.22,27.0,258.9,1.22
62,17.0,23.47,31.0,261.8,1.47
63,17.8,24.52,32.0,263.8,2.52
64,19.0,26.37,38.0,266.2,4.37
65,19.0,25.99,34.0,263.2,3.99
66,23.0,27.6,34.0,258.8,5.6
67,21.0,27.52,35.6,264.6,5.52
68,22.0,27.89,34.0,264.4,5.89
69,22.0,28.17,35.0,271.0,6.17
70,20.0,27.32,34.0,271.8,5.32
71,21.0,27.98,34.0,273.0,5.97
72,22.0,29.28,36.4,273.3,7.28
73,21.0,29.83,38.0,277.7,7.83
74,22.0,30.25,38.0,278.3,8.25
75,22.0,29.83,39.0,277.7,7.83
76,22.8,27.59,33.4,278.4,5.59
77,23.0,26.27,31.0,273.5,4.27
78,22.0,25.88,30.0,273.6,3.88
79,23.0,26.18,30.0,261.6,4.18
80,22.0,26.32,31.0,274.8,4.32
81,23.0,27.38,34.0,236.6,5.38
82,25.0,27.49,31.0,182.6,5.49
83,23.6,28.07,33.8,268.8,6.07
84,21.0,26.72,32.0,284.7,4.72
85,21.6,26.04,33.0,284.9,4.04
86,17.0,24.19,30.0,296.2,2.19
87,16.0,24.15,30.0,301.8,2.15
88,19.4,24.58,29.0,296.7,2.58
89,18.0,24.62,30.0,301.5,2.62
90,19.0,25.53,32.0,301.2,3.53
91,24.6,28.67,34.6,290.8,6.67
92,23.0,27.05,31.8,292.0,5.05
93,22.4,26.39,30.0,297.4,4.39
94,23.0,27.5,32.0,296.1,5.5
95,25.0,29.25,33.0,294.4,7.25
96,25.6,29.74,35.2,297.6,7.74
97,24.6,28.78,33.2,301.0,6.78
98,23.0,27.84,34.0,304.9,5.84
99,24.0,27.61,31.0,303.7,5.61
100,24.4,29.58,35.0,299.6,7.57
101,25.4,32.7,40.0,307.3,10.7
102,27.8,33.81,41.0,298.2,11.81
103,28.0,34.15,41.0,309.5,12.15
104,26.8,30.17,34.4,304.2,8.17
105,25.6,27.64,31.0,265.2,5.64
106,24.8,26.85,31.4,276.3,4.85
107,25.0,28.05,32.0,285.9,6.05
108,25.4,28.3,32.0,264.8,6.3
109,25.8,28.28,32.0,272.0,6.28
110,25.5,29.29,33.0,303.4,7.29
111,25.8,29.71,34.0,298.8,7.71
112,28.0,33.33,39.0,308.8,11.33
113,28.5,33.74,40.0,312.2,11.74
114,26.8,29.58,32.0,304.3,7.58
115,25.8,28.23,32.4,305.9,6.23
116,25.0,28.28,32.0,282.4,6.28
117,25.0,28.93,35.0,314.0,6.93
118,24.4,28.5,32.0,311.2,6.5
119,27.0,30.17,36.0,252.0,8.17
120,26.8,30.81,37.2,303.5,8.81
121,29.6,32.75,36.0,295.6,10.75
122,29.6,32.97,37.5,299.7,10.97
123,29.2,33.68,38.0,306.5,11.68
124,30.0,33.84,40.2,312.3,11.84
125,29.0,33.2,37.0,300.0,11.2
126,30.0,32.96,36.0,298.0,10.96
127,30.0,33.14,37.0,263.7,11.14
128,28.8,31.44,35.0,289.5,9.44
129,28.4,31.73,36.0,309.1,9.73
130,26.6,30.29,34.0,315.5,8.29
131,25.0,30.41,34.0,320.2,8.41
132,28.4,33.34,38.0,318.3,11.34
133,27.0,31.1,36.0,321.1,9.1
134,27.0,31.7,37.2,321.7,9.7
135,27.0,32.33,38.0,322.4,10.33
136,28.0,31.72,37.0,309.8,9.72
137,27.8,32.2,40.0,313.1,10.2
138,28.0,33.93,39.0,320.9,11.93
139,28.0,32.13,35.0,311.0,10.13
140,29.5,32.9,37.2,315.0,10.9
141,28.0,31.3,35.2,325.0,9.3
142,26.0,30.48,35.0,320.0,8.48
143,25.8,30.61,35.0,321.5,8.61
144,25.4,30.98,35.0,318.9,8.98
145,28.6,31.93,37.0,316.6,9.93
146,26.0,29.77,34.5,319.2,7.77
147,26.0,30.26,35.0,317.6,8.26
148,24.8,31.56,37.2,320.9,9.56
149,26.0,30.91,36.0,318.6,8.91
150,27.0,30.46,35.0,314.1,8.46
151,26.8,30.53,35.0,315.3,8.53
152,27.3,32.13,38.0,316.7,10.13
153,26.9,32.55,39.0,312.8,10.55
154,29.0,33.1,37.0,314.3,11.1
155,29.0,32.95,38.2,315.8,10.95
156,28.0,32.38,37.0,315.5,10.38
157,26.9,31.87,36.0,313.0,9.87
158,29.0,33.0,37.0,311.8,11.0
159,29.0,32.82,37.0,309.7,10.82
160,29.0,32.75,36.0,306.7,10.75
161,29.0,33.41,37.0,306.8,11.41
162,30.0,34.08,37.5,306.0,12.08
163,29.0,33.14,36.8,311.8,11.14
164,29.0,33.33,37.0,307.5,11.33
165,28.8,34.03,41.0,312.2,12.03
166,28.0,33.03,39.0,313.9,11.03
167,27.0,32.1,38.0,312.2,10.1
168,25.8,31.64,35.4,307.2,9.64
169,27.0,31.65,35.0,302.5,9.65
170,28.0,31.88,35.0,299.9,9.88
171,30.3,32.19,35.0,299.2,10.19
172,29.0,31.65,34.4,299.1,9.65
173,29.0,32.17,36.0,300.0,10.17
174,27.2,31.58,36.0,286.5,9.58
175,28.0,32.29,37.0,303.8,10.29
176,31.0,33.66,37.0,293.1,11.66
177,28.9,34.85,42.0,303.6,12.85
178,28.7,33.52,38.0,305.2,11.52
179,28.5,33.3,37.8,308.7,11.3
180,30.4,34.25,38.0,301.4,12.25
181,28.8,33.62,37.0,301.7,11.62
182,31.0,34.95,44.0,299.2,12.95
183,29.0,33.37,38.0,300.2,11.37
184,29.0,33.25,38.0,298.9,11.25
185,28.0,32.68,38.0,298.5,10.68
186,32.0,34.6,38.0,298.1,12.6
187,28.4,34.4,40.0,303.6,12.4
188,29.2,34.32,40.0,306.1,12.32
189,27.0,33.61,40.0,299.5,11.61
190,27.0,33.28,39.0,300.5,11.28
191,28.0,33.67,40.0,300.7,11.67
192,28.2,33.82,40.0,303.0,11.82
193,28.0,34.59,41.0,300.4,12.59
194,28.4,33.79,37.8,294.4,11.79
195,30.0,34.36,39.0,293.3,12.36
196,29.7,33.13,39.4,295.0,11.13
197,28.0,32.51,36.0,291.5,10.51
198,29.6,32.94,40.0,292.6,10.94
199,29.0,33.95,41.4,294.2,11.95
200,29.0,33.67,41.0,295.7,11.67
201,29.0,33.31,39.0,290.6,11.31
202,28.0,32.85,36.0,291.9,10.85
203,27.4,33.69,39.0,295.1,11.69
204,29.6,34.61,39.0,292.2,12.61
205,31.0,35.07,39.4,292.4,13.07
206,30.3,34.14,38.0,269.2,12.14
207,32.0,34.95,39.0,282.7,12.95
208,32.0,35.25,38.2,273.6,13.25
209,31.0,33.95,36.0,284.9,11.95
210,31.0,35.16,40.0,291.6,13.16
211,30.4,34.16,37.0,293.1,12.16
212,28.6,33.75,39.5,295.2,11.75
213,30.5,35.05,40.0,289.8,13.05
214,29.2,34.29,39.0,294.5,12.29
215,29.4,33.2,36.2,292.0,11.2
216,30.0,33.98,38.0,293.5,11.98
217,30.2,34.61,38.0,289.8,12.61
218,34.0,35.78,37.0,280.5,13.78
219,32.0,33.49,35.0,276.0,11.49
220,30.8,33.22,38.0,293.4,11.22
221,29.8,33.41,39.0,275.9,11.41
222,31.0,33.74,37.0,278.8,11.74
223,31.6,34.12,37.0,260.7,12.12
224,30.0,33.74,37.2,259.1,11.74
225,32.0,34.41,37.4,261.4,12.41
226,32.0,34.52,38.0,281.1,12.52
227,31.0,34.63,39.6,285.8,12.63
228,31.8,34.68,38.0,286.4,12.68
229,31.5,35.48,40.0,289.0,13.48
230,29.6,34.06,37.0,284.8,12.06
231,31.0,34.79,40.0,290.8,12.79
232,30.0,33.7,37.2,286.6,11.7
233,30.0,34.1,39.0,290.9,12.1
234,29.0,33.09,38.0,286.8,11.09
235,30.0,33.53,38.0,280.1,11.53
236,30.0,34.93,40.0,288.0,12.93
237,30.0,34.41,39.0,286.6,12.41
238,29.4,33.22,36.0,284.5,11.22
239,31.0,33.47,36.0,278.4,11.47
240,31.0,33.75,37.4,280.9,11.75
241,30.0,32.77,36.0,282.5,10.77
242,29.8,32.72,37.0,273.5,10.73
243,30.0,32.1,35.0,277.2,10.1
244,29.4,32.12,35.0,274.2,10.12
245,28.0,32.48,35.0,280.1,10.48
246,29.8,32.58,35.0,271.2,10.58
247,30.0,32.22,35.0,245.2,10.23
248,30.8,33.28,37.0,279.4,11.27
249,28.8,33.08,38.0,271.0,11.08
250,29.0,33.9,38.0,274.0,11.9
251,28.6,32.7,37.0,268.8,10.7
252,28.6,32.16,35.0,269.8,10.16
253,29.0,32.67,37.0,265.4,10.67
254,28.6,33.65,40.0,273.2,11.65
255,28.0,31.62,36.0,275.6,9.62
256,27.4,31.06,35.0,269.2,9.06
257,28.0,31.45,36.2,266.4,9.45
258,28.0,31.76,35.0,251.2,9.76
259,28.0,31.82,36.0,264.0,9.82
260,28.4,32.21,38.0,262.2,10.21
261,28.0,31.1,34.0,259.8,9.1
262,28.0,31.85,37.0,261.6,9.85
263,28.0,33.5,38.6,265.9,11.5
264,29.0,31.82,35.0,263.8,9.82
265,27.6,31.23,35.0,257.5,9.23
266,28.6,30.9,33.4,251.9,8.9
267,28.0,31.88,37.0,255.7,9.88
268,28.8,32.1,36.0,254.0,10.1
269,29.0,32.48,37.0,251.4,10.48
270,28.4,32.47,36.6,253.0,10.47
271,30.0,32.45,35.0,239.2,10.45
272,30.0,32.57,35.0,242.2,10.57
273,30.6,32.99,37.0,232.5,10.99
274,28.0,32.11,37.0,256.5,10.11
275,27.7,31.37,35.4,257.9,9.37
276,27.9,31.43,37.1,259.1,9.43
277,27.0,31.45,36.0,254.6,9.45
278,26.7,32.14,37.0,252.9,10.14
279,27.0,32.05,38.0,261.1,10.05
280,27.0,32.1,38.0,253.5,10.1
281,28.0,31.36,36.0,244.4,9.36
282,27.5,31.4,36.0,246.5,9.4
283,27.0,31.05,35.0,242.5,9.05
284,27.0,30.86,35.0,246.6,8.86
285,26.8,30.8,36.6,246.9,8.8
286,26.4,30.49,34.8,246.1,8.49
287,26.7,30.47,35.3,244.7,8.47
288,27.0,30.42,35.0,234.7,8.42
289,26.0,30.73,37.0,246.0,8.73
290,27.0,31.05,35.0,243.6,9.05
291,27.0,30.74,35.0,242.5,8.74
292,27.0,30.85,35.0,244.6,8.85
293,25.4,30.33,36.5,246.4,8.33
294,27.1,31.19,38.0,239.5,9.19
295,27.0,30.58,35.1,237.1,8.58
296,26.0,30.06,34.0,232.8,8.06
297,26.8,30.13,34.0,228.8,8.13
298,27.0,30.25,34.0,229.3,8.25
299,28.9,30.97,34.0,226.5,8.97
300,28.8,30.72,34.0,213.8,8.72
301,27.4,30.53,34.1,228.9,8.53
302,26.0,30.13,35.0,228.3,8.13
303,27.3,30.89,36.0,217.8,8.89
304,27.2,30.65,35.0,223.1,8.65
305,27.0,29.78,34.0,227.0,7.78
306,26.0,29.74,34.0,225.2,7.74
307,25.2,29.74,35.0,223.9,7.74
308,26.0,30.17,35.0,219.8,8.17
309,26.0,29.75,34.0,204.8,7.75
310,27.6,29.68,33.0,214.6,7.68
311,25.0,28.31,32.0,222.6,6.31
312,24.6,28.18,33.0,222.0,6.18
313,24.0,27.94,32.0,216.1,5.94
314,24.0,27.65,31.0,216.9,5.65
315,22.2,26.36,31.0,217.1,4.36
316,22.0,26.7,33.0,224.8,4.7
317,22.0,28.19,33.0,214.8,6.19
318,26.0,29.72,34.0,212.2,7.72
319,26.6,30.08,35.0,206.1,8.08
320,28.0,30.66,35.0,202.5,8.66
321,24.0,26.92,31.8,109.9,4.92
322,23.0,25.73,30.0,202.0,3.73
323,20.4,25.82,30.0,210.0,3.82
324,24.0,27.85,32.4,206.7,5.85
325,24.0,28.41,32.5,200.9,6.41
326,25.0,28.96,33.0,188.4,6.96
327,26.8,29.18,32.0,179.7,7.18
328,26.0,28.56,31.0,169.2,6.56
329,22.4,27.46,32.0,177.9,5.46
330,25.0,28.92,33.0,199.5,6.92
331,24.0,29.2,34.0,201.2,7.2
332,25.0,28.91,33.0,201.0,6.91
333,25.5,28.94,35.0,203.2,6.94
334,25.0,28.36,31.8,193.7,6.36
335,25.0,28.67,32.0,190.0,6.67
336,25.8,29.57,33.5,171.4,7.57
337,23.0,27.35,30.0,130.0,5.35
338,23.0,26.02,30.0,196.4,4.02
339,23.0,26.65,30.0,194.5,4.65
340,23.0,26.81,30.0,194.0,4.81
341,23.4,26.54,30.0,194.4,4.54
342,22.0,26.2,30.0,194.1,4.2
343,22.8,26.36,30.2,192.4,4.36
344,23.0,26.21,30.0,186.7,4.21
345,23.0,26.78,32.0,193.1,4.78
346,23.8,26.27,30.0,189.9,4.27
347,22.0,25.84,29.6,190.3,3.84
348,22.0,26.03,29.2,164.9,4.03
349,23.4,25.88,29.0,163.8,3.88
350,22.0,24.26,27.0,187.3,2.26
351,20.0,23.98,28.0,189.5,1.98
352,21.0,24.6,28.0,183.2,2.6
353,21.0,25.43,29.0,188.3,3.43
354,23.0,26.63,32.0,190.5,4.63
355,22.5,24.67,27.2,185.5,2.67
356,22.0,25.34,30.0,169.8,3.34
357,23.0,26.4,31.0,162.2,4.4
358,23.0,27.16,31.5,187.5,5.16
359,25.0,27.61,31.0,166.6,5.61
360,25.0,26.45,29.0,106.4,4.45
361,22.0,24.86,28.0,188.1,2.86
362,22.0,24.34,28.0,190.8,2.34
363,20.0,23.3,26.0,193.0,1.3
364,20.0,23.95,27.0,188.0,1.95
365,20.0,24.28,29.0,187.4,2.28
